Tanggal,Jakarta Barat,Jakarta Pusat,Jakarta Selatan,Jakarta Timur,Jakarta Utara
2021-01-01,14143,13800,14400,13542,13813
2021-01-02,14000,13700,14500,13375,13813
2021-01-03,14143,13700,14350,13542,13813
2021-01-04,13929,13750,14250,13542,13813
2021-01-05,14000,13850,14200,13542,13813
2021-01-06,14000,13850,14250,13583,13813
2021-01-07,14000,13750,14300,13583,13813
2021-01-08,14143,13750,14250,13583,13750
2021-01-09,14000,13750,14300,13417,13813
2021-01-10,14000,13750,14300,13500,13813
2021-01-11,13857,13750,14250,13500,13813
2021-01-12,13857,14050,14150,13500,13813
2021-01-13,13857,13850,14200,13500,13813
2021-01-14,14143,13950,14250,13500,13875
2021-01-15,14143,13950,14300,13500,13813
2021-01-16,14143,13550,14250,13500,13688
2021-01-17,14143,13950,14250,13458,13750
2021-01-18,14143,13850,13800,13542,13750
2021-01-19,14143,13850,14100,13542,13750
2021-01-20,14143,13950,14150,13667,13813
2021-01-21,13857,13950,14200,13667,13750
2021-01-22,14143,13950,14150,13583,13938
2021-01-23,14143,13900,14150,13583,13938
2021-01-24,14143,13900,14200,13583,13938
2021-01-25,13857,13900,14300,13583,13938
2021-01-26,13857,13900,14200,13583,13938
2021-01-27,14143,13750,14150,13583,13938
2021-01-28,14429,13800,14150,13583,13938
2021-01-29,14429,13800,14100,13583,13813
2021-01-30,14429,13800,14150,13583,13875
2021-01-31,14429,13800,14200,13583,13875
2021-02-01,14429,13800,14200,13667,13813
2021-02-02,14429,13800,14200,13667,13813
2021-02-03,14429,13800,14300,13500,13750
2021-02-04,14429,13800,14350,13750,13688
2021-02-05,14429,13800,14350,13792,13750
2021-02-06,14429,13900,14300,13750,13750
2021-02-07,14429,13700,14350,13750,13813
2021-02-08,14429,13800,14300,13792,13750
2021-02-09,14429,13800,14350,13792,13813
2021-02-10,14429,13800,14250,13958,13813
2021-02-11,14429,13600,14300,13792,13813
2021-02-12,14429,13600,14350,13792,13813
2021-02-13,14429,13600,14200,13792,13813
2021-02-14,14429,13600,14200,13792,13813
2021-02-15,14429,13600,14250,13792,13813
2021-02-16,14429,13650,14250,13750,13813
2021-02-17,14429,13650,14300,13750,13875
2021-02-18,14429,13600,14250,13708,13875
2021-02-19,14429,13600,14250,13708,13875
2021-02-20,14429,13600,14200,13708,13875
2021-02-21,14286,13650,14250,13708,13875
2021-02-22,14286,13650,14200,13708,13875
2021-02-23,14286,13650,14200,13667,13813
2021-02-24,14143,13650,14200,13625,13875
2021-02-25,14143,13650,14100,13625,13875
2021-02-26,14143,13750,14150,13625,13875
2021-02-27,14143,13650,14050,13667,13875
2021-02-28,14143,13650,14000,13667,13875
2021-03-01,14143,13450,14150,13667,13875
2021-03-02,14143,13750,14150,13667,13875
2021-03-03,14143,13750,14200,13667,13875
2021-03-04,14286,13650,14200,13667,13875
2021-03-05,14286,13650,14050,13667,13875
2021-03-06,14286,13650,14100,13667,14000
2021-03-07,14286,13650,14150,13667,14000
2021-03-08,14286,13650,14150,13625,13875
2021-03-09,14286,13650,14050,13625,14250
2021-03-10,14286,13650,14100,13625,14000
2021-03-11,14286,13650,14100,13625,14000
2021-03-12,14286,13650,14000,13625,13938
2021-03-13,14286,13650,14100,13625,13875
2021-03-14,14286,13650,14100,13625,13875
2021-03-15,14286,13650,14200,13625,13813
2021-03-16,14286,13650,14150,13667,13938
2021-03-17,14571,13650,14150,13667,13875
2021-03-18,14429,13650,14200,13667,14125
2021-03-19,14429,13550,14250,13625,14000
2021-03-20,14429,13650,14300,13625,14000
2021-03-21,14429,13650,14250,13625,14000
2021-03-22,14214,13650,14200,13625,13938
2021-03-23,14214,13650,14250,13708,14000
2021-03-24,14500,13650,14300,13708,14000
2021-03-25,14500,13650,14200,13708,14000
2021-03-26,14571,13600,14200,13708,14000
2021-03-27,14714,13650,14250,13708,14000
2021-03-28,14714,13700,14300,13708,14000
2021-03-29,14714,13650,14250,13792,14125
2021-03-30,14714,13700,14250,13833,14125
2021-03-31,14714,13650,14250,14000,14125
2021-04-01,14714,13650,14300,13792,14125
2021-04-02,14714,13650,14250,13792,14000
2021-04-03,14714,13650,14250,13792,14125
2021-04-04,14714,13650,14300,13792,14125
2021-04-05,14714,13650,13850,13792,14125
2021-04-06,14714,13650,14250,13792,14125
2021-04-07,14714,13750,14250,13708,14125
2021-04-08,14857,13750,14300,13667,14125
2021-04-09,14857,13850,14250,13708,14125
2021-04-10,14857,13850,14250,13708,14125
2021-04-11,14857,13750,14300,13667,14250
2021-04-12,14857,13800,14300,13750,14125
2021-04-13,14857,13800,14450,13792,14000
2021-04-14,14857,13900,14350,13750,14125
2021-04-15,15000,13900,14350,13750,14000
2021-04-16,15000,13900,14450,13750,14125
2021-04-17,15000,13950,14450,13750,14125
2021-04-18,15000,13900,14450,13750,14188
2021-04-19,15000,13900,14750,13708,14125
2021-04-20,15000,13900,14750,13708,14250
2021-04-21,15000,13900,14750,13708,14250
2021-04-22,15000,13900,14700,13708,14125
2021-04-23,14857,13900,14700,13708,14250
2021-04-24,14857,13900,14700,13708,14375
2021-04-25,15000,13900,14700,13875,14250
2021-04-26,15000,13900,14750,13792,14375
2021-04-27,15000,13900,14700,13792,14250
2021-04-28,14857,13900,14700,13792,14250
2021-04-29,14714,13900,14700,13792,14250
2021-04-30,14714,13900,14700,13792,14125
2021-05-01,14714,13900,14700,13708,14250
2021-05-02,14714,13900,14700,13792,14250
2021-05-03,14714,14000,14750,13833,14125
2021-05-04,14714,14100,14750,13792,14125
2021-05-05,14714,13900,14800,13875,14125
2021-05-06,14714,14000,14900,13875,14375
2021-05-07,14714,14050,14900,13875,14125
2021-05-08,14857,14000,14900,13875,14125
2021-05-09,14857,14100,14950,14042,14125
2021-05-10,14857,14050,15200,13875,14125
2021-05-11,14857,14050,15200,14083,14250
2021-05-12,14857,14050,15250,14083,14250
2021-05-13,14857,14050,15250,14083,14250
2021-05-14,14857,14050,15150,14250,14250
2021-05-15,15000,14050,15150,14250,14250
2021-05-16,14857,14050,14950,14167,14250
2021-05-17,15143,13950,14800,14167,14250
2021-05-18,14929,13950,14700,14167,14625
2021-05-19,15000,13950,14800,14083,14625
2021-05-20,15071,14050,15150,14208,14250
2021-05-21,15071,14050,15100,14208,14250
2021-05-22,15071,13950,15200,14333,14375
2021-05-23,15214,13950,15100,14125,14375
2021-05-24,15214,14050,15150,14208,14125
2021-05-25,15071,14150,15150,14250,14375
2021-05-26,15071,14050,15100,14250,14375
2021-05-27,15214,14050,15100,14250,14375
2021-05-28,15214,14050,15100,14250,14375
2021-05-29,15214,14050,15100,14250,14375
2021-05-30,15214,14250,15100,14250,14375
2021-05-31,15357,14100,15100,14250,14375
2021-06-01,15357,14100,15100,14167,14500
2021-06-02,15214,13950,15200,14250,14625
2021-06-03,15214,14100,15200,14292,14750
2021-06-04,15214,14200,15250,14292,14875
2021-06-05,15214,14200,15300,14250,14750
2021-06-06,15214,14400,15300,14250,14750
2021-06-07,15214,14200,15150,14500,14875
2021-06-08,15214,14400,15250,14500,14750
2021-06-09,15214,14200,15350,14500,14875
2021-06-10,15214,14050,15300,14500,14875
2021-06-11,15214,14200,15300,14500,14875
2021-06-12,15214,14400,15300,14500,15000
2021-06-13,15214,14400,15300,14458,14875
2021-06-14,15143,14200,15200,14458,14750
2021-06-15,15143,14300,15400,14375,14625
2021-06-16,15143,14300,15300,14375,14875
2021-06-17,15143,14300,15300,14500,15000
2021-06-18,15000,14200,15300,14500,14875
2021-06-19,15000,14400,15300,14500,15000
2021-06-20,15143,14200,15300,14500,14875
2021-06-21,15286,14200,15300,14333,14750
2021-06-22,15286,14200,15300,14458,14750
2021-06-23,15143,14200,15400,14417,14875
2021-06-24,15143,14300,15400,14458,14750
2021-06-25,15143,14300,15300,14250,14625
2021-06-26,15143,14300,15300,14375,14625
2021-06-27,15143,14400,15300,14375,14625
2021-06-28,15143,14400,15300,14333,14750
2021-06-29,15143,14200,15300,14417,14750
2021-06-30,15143,14200,15300,14333,14625
2021-07-01,15143,14300,15100,14250,14375
2021-07-02,15143,14300,15200,14250,14375
2021-07-03,15143,14500,15200,14250,14375
2021-07-04,15143,14500,15100,14000,14500
2021-07-05,15143,14300,15200,14167,14500
2021-07-06,14857,14300,15200,14500,14500
2021-07-07,14857,13750,15200,14167,14750
2021-07-08,14714,14400,15400,14167,14750
2021-07-09,14714,14300,15400,14333,14750
2021-07-10,14714,14500,15400,14250,14750
2021-07-11,14714,14500,15400,14250,14750
2021-07-12,14714,14400,15300,14250,14875
2021-07-13,14714,14200,15300,14167,14750
2021-07-14,14857,14300,15300,14208,14625
2021-07-15,14857,14500,15300,14292,14750
2021-07-16,14714,14500,15300,14292,14750
2021-07-17,14714,14500,15300,14208,14750
2021-07-18,15000,14500,15250,14292,14750
2021-07-19,15000,14550,15300,14292,14750
2021-07-20,15000,14750,15400,14292,14750
2021-07-21,15000,14550,15400,14292,14875
2021-07-22,15000,14650,15300,14250,15125
2021-07-23,15000,14650,15400,14417,14750
2021-07-24,15429,14850,15300,14333,15000
2021-07-25,15000,14850,15200,14417,14875
2021-07-26,15000,14900,15400,14667,15000
2021-07-27,15000,14800,15350,14375,14875
2021-07-28,15000,14750,15400,14417,15000
2021-07-29,15000,14950,15300,14625,15125
2021-07-30,15429,14750,15400,14583,15250
2021-07-31,15429,14950,15500,14625,15125
2021-08-01,15429,14900,15550,14583,15000
2021-08-02,15143,14900,15450,14917,15000
2021-08-03,15286,14900,15350,14833,15000
2021-08-04,15143,15100,15550,14792,15000
2021-08-05,15143,14900,15600,14875,15125
2021-08-06,15143,15200,15600,14833,15250
2021-08-07,15571,15100,15600,14917,15500
2021-08-08,15571,15100,15600,14958,15375
2021-08-09,15000,14900,15500,15042,15125
2021-08-10,15357,15100,15050,15042,15250
2021-08-11,15357,15200,14950,15000,15250
2021-08-12,15429,15100,15550,14917,15375
2021-08-13,15357,15200,15650,14917,15250
2021-08-14,15500,15200,15650,14958,15375
2021-08-15,15500,15200,15600,15000,15125
2021-08-16,15500,15300,15700,15000,15250
2021-08-17,15500,15200,15700,15000,15125
2021-08-18,15500,15200,16200,15000,15125
2021-08-19,16214,15100,16200,15042,15250
2021-08-20,16214,15200,16300,15083,15250
2021-08-21,16214,15300,16200,15083,15125
2021-08-22,16143,15300,16200,15083,15125
2021-08-23,16143,15200,16350,15042,15250
2021-08-24,16286,15300,16150,15042,15000
2021-08-25,16214,15400,16200,15083,15250
2021-08-26,16429,15400,16100,15167,15125
2021-08-27,16357,15100,16200,15125,15250
2021-08-28,16357,15300,16200,15090,15375
2021-08-29,16429,15200,16200,15083,15500
2021-08-30,16429,15300,16200,15167,15375
2021-08-31,16357,15300,16200,15250,15375
2021-09-01,16429,15300,16200,15250,15375
2021-09-02,16429,15300,16200,15167,15500
2021-09-03,16429,15300,16300,15250,15625
2021-09-04,16429,15000,16400,15250,15625
2021-09-05,16429,15300,16250,15250,15625
2021-09-06,16571,15250,16200,15292,15500
2021-09-07,16286,15050,16500,15292,15500
2021-09-08,16500,15050,16500,15250,15500
2021-09-09,16500,15250,16600,15375,15625
2021-09-10,16286,15100,16550,15333,15500
2021-09-11,16429,15250,16450,15333,15500
2021-09-12,16500,15250,16400,15250,15625
2021-09-13,16429,15300,16500,15250,15500
2021-09-14,16429,15200,16400,15250,15625
2021-09-15,16429,15300,16400,15250,15750
2021-09-16,16286,15300,16500,15250,15625
2021-09-17,16286,15100,16400,15292,15625
2021-09-18,16286,15300,16400,15042,15625
2021-09-19,16286,15300,16500,15333,15625
2021-09-20,16286,15300,16500,15333,15625
2021-09-21,16286,15300,16500,15250,15750
2021-09-22,16714,15300,16400,15250,15750
2021-09-23,16714,15300,16400,15250,15750
2021-09-24,16643,15300,16500,15250,15625
2021-09-25,16714,15200,16500,15250,15625
2021-09-26,16429,15400,16500,15292,15625
2021-09-27,16429,15150,16500,15417,15625
2021-09-28,16429,15400,16500,15333,15625
2021-09-29,16571,15400,16500,15375,15750
2021-09-30,16429,14900,16500,15375,15750
2021-10-01,16357,15600,16600,15333,15625
2021-10-02,16357,15500,16600,15333,15625
2021-10-03,16357,15600,16600,15292,15625
2021-10-04,16286,15400,16600,14500,15750
2021-10-05,16429,15500,16500,15333,15750
2021-10-06,16286,15650,16300,15333,16000
2021-10-07,16357,15450,16500,15333,16000
2021-10-08,16286,15450,16650,15375,16000
2021-10-09,16286,15550,16600,15375,16000
2021-10-10,16357,15450,16500,15417,16000
2021-10-11,16714,15650,16850,15500,16000
2021-10-12,17071,15450,17050,15625,16000
2021-10-13,16857,15450,17050,15542,16250
2021-10-14,16643,15650,17000,15583,16250
2021-10-15,16857,15550,17150,15625,16250
2021-10-16,17000,15750,17150,15625,16375
2021-10-17,17000,15750,17200,15625,16375
2021-10-18,16714,15650,17400,15583,16375
2021-10-19,17143,15750,17400,15625,16375
2021-10-20,17143,15750,17450,15625,16375
2021-10-21,17143,16050,17400,15667,16375
2021-10-22,17000,15950,17400,15708,16250
2021-10-23,17143,16050,17400,15792,16250
2021-10-24,17000,15800,17400,15917,16250
2021-10-25,17214,16000,17500,15917,16250
2021-10-26,17000,15900,17500,16083,16375
2021-10-27,17143,16400,18300,16583,16375
2021-10-28,17643,16400,18700,17500,16063
2021-10-29,18214,16500,18800,17917,16625
2021-10-30,18357,16900,18850,17917,16625
2021-10-31,18643,17250,18950,17417,16875
2021-11-01,18250,17500,18950,17667,17250
2021-11-02,18417,17100,19000,17625,17250
2021-11-03,18417,17500,19050,18167,17375
2021-11-04,18250,17500,19200,18167,17875
2021-11-05,18250,17650,19200,18167,17875
2021-11-06,18250,17800,19300,18000,17875
2021-11-07,18250,17800,19300,18375,17875
2021-11-08,18083,18300,19300,18500,17875
2021-11-09,18250,17600,19300,18542,17750
2021-11-10,18417,17900,19300,18667,17875
2021-11-11,18583,18200,19400,18750,18429
2021-11-12,18583,17900,19400,18792,18857
2021-11-13,18583,17700,19300,18875,19000
2021-11-14,18583,17700,19300,18875,18857
2021-11-15,19250,18000,19300,18917,19143
2021-11-16,19250,18000,19400,18917,19357
2021-11-17,19250,18100,19400,18875,19214
2021-11-18,19250,18200,19500,18875,19357
2021-11-19,19417,18200,19600,18917,19071
2021-11-20,19417,18100,19600,18917,19071
2021-11-21,19417,18400,19600,18917,19071
2021-11-22,19250,18900,19600,18500,19071
2021-11-23,19250,18700,19600,18917,19214
2021-11-24,19250,18600,19600,18875,20071
2021-11-25,19250,18700,19500,18917,19357
2021-11-26,19250,18700,19500,18875,19571
2021-11-27,19250,18500,19600,18833,19714
2021-11-28,19250,18500,19600,18833,19714
2021-11-29,19417,18550,19600,18750,19714
2021-11-30,19417,18550,19700,18875,19714
2021-12-01,19417,18450,19700,18917,19714
2021-12-02,19417,18650,19700,18542,19714
2021-12-03,19750,18550,19800,19083,19571
2021-12-04,19750,18650,19800,19083,19571
2021-12-05,19583,18550,19800,19083,19571
2021-12-06,19417,18950,19800,19167,19571
2021-12-07,19417,19050,19900,19250,18857
2021-12-08,19583,19050,19900,19333,19571
2021-12-09,19750,19250,19800,19125,18857
2021-12-10,19750,19050,19900,19125,19571
2021-12-11,19750,19250,20000,19125,19571
2021-12-12,19750,19250,20000,19125,19857
2021-12-13,19833,19250,19900,19125,19857
2021-12-14,19833,19250,19900,19125,19714
2021-12-15,19833,19350,19800,19125,19714
2021-12-16,19833,19400,19900,19125,19714
2021-12-17,19750,19400,20000,19125,19714
2021-12-18,20083,19400,19900,19208,19714
2021-12-19,20083,19350,19800,19292,19714
2021-12-20,20083,19400,20000,19375,19714
2021-12-21,19750,19500,19500,19458,19714
2021-12-22,19750,19450,19900,19458,19143
2021-12-23,19917,19450,19900,19375,19714
2021-12-24,19917,19500,20000,19292,19714
2021-12-25,20083,19400,20000,19292,19714
2021-12-26,20083,19400,20000,19333,19714
2021-12-27,19917,19500,20222,19250,19714
2021-12-28,19917,19600,20222,19333,19714
2021-12-29,20083,19550,20222,19333,19714
2021-12-30,19917,19550,20222,19250,19714
2021-12-31,20083,19150,20333,19250,19714
2022-01-01,20083,19650,20444,19333,19714
2022-01-02,20083,19550,20333,19250,19714
2022-01-03,20083,19550,20111,19375,19714
2022-01-04,19917,19550,20222,19333,19714
2022-01-05,19917,19500,20333,19333,19571
2022-01-06,19917,19400,20333,19333,19571
2022-01-07,20083,19500,19778,19333,19571
2022-01-08,19917,19500,19778,19417,19571
2022-01-09,19917,19500,19778,19500,19571
2022-01-10,19833,19550,20222,19417,19571
2022-01-11,19667,19550,20222,19375,19571
2022-01-12,19667,19550,20333,19417,19571
2022-01-13,19750,19550,20111,19417,19714
2022-01-14,19667,19450,20222,19417,19857
2022-01-15,19667,19450,20222,19417,19857
2022-01-16,19667,19250,20222,19417,19857
2022-01-17,19750,19450,20222,19417,19857
2022-01-18,19750,19350,20222,19375,19857
2022-01-19,19750,19550,20333,19375,19857
2022-01-20,19917,19450,20000,19250,20143
2022-01-21,19917,19300,20000,19333,20143
2022-01-22,19917,19350,19889,19333,20143
2022-01-23,19750,18250,19778,19417,20143
2022-01-24,19750,18800,19667,19583,20000
2022-01-25,19917,18900,19667,19333,20000
2022-01-26,20083,18750,19667,19250,20000
2022-01-27,20250,19500,19778,19333,20000
2022-01-28,20083,19000,19778,19083,20000
2022-01-29,20083,19400,19778,19167,20000
2022-01-30,20250,19000,19778,19167,20000
2022-01-31,20250,19450,19778,19125,19143
2022-02-01,20083,18900,19778,19042,19000
2022-02-02,20000,19350,19667,19208,18857
2022-02-03,20083,18800,19556,18667,18857
2022-02-04,20083,19050,19667,18750,19429
2022-02-05,19917,19200,19375,17833,19429
2022-02-06,19750,19200,19375,17917,19286
2022-02-07,18917,18550,19500,17958,18571
2022-02-08,19083,19100,19500,17875,19286
2022-02-09,19083,19000,19250,17625,19286
2022-02-10,19250,18900,19375,17208,19286
2022-02-11,19250,18800,19000,16625,19286
2022-02-12,19083,19000,19000,16333,19286
2022-02-13,19250,19333,18750,15833,19000
2022-02-14,19250,18889,18750,16083,19000
2022-02-15,19417,19000,18750,16625,18714
2022-02-16,19417,18889,18750,16583,18714
2022-02-17,19417,18889,18750,16417,18714
2022-02-18,19417,18889,18000,16583,19000
2022-02-19,19250,18889,18000,16833,19000
2022-02-20,19417,18889,18000,16833,19000
2022-02-21,19083,18889,18000,17000,18286
2022-02-22,18917,18667,17500,17042,17571
2022-02-23,18167,19111,17563,17292,17857
2022-02-24,17667,18889,17375,17583,17857
2022-02-25,17833,18556,17625,17167,17857
2022-02-26,17833,18556,17375,17083,17857
2022-02-27,17667,18333,17500,17000,17857
2022-02-28,17833,18667,17500,17417,17857
2022-03-01,17833,18667,17500,17083,17857
2022-03-02,17167,18444,17500,16417,17857
2022-03-03,17167,17900,17500,16417,17500
2022-03-04,17333,17800,17250,17167,17500
2022-03-05,16667,17800,17375,17042,17500
2022-03-06,16500,17700,17375,17000,17500
2022-03-07,16667,17800,17125,16750,17833
2022-03-08,16833,17700,17250,16917,17333
2022-03-09,16833,17500,17125,16542,17000
2022-03-10,16833,17100,17444,16375,17000
2022-03-11,16667,17100,17778,16375,17000
2022-03-12,16667,17100,17778,16292,17500
2022-03-13,16667,16900,17778,15958,17000
2022-03-14,16833,16900,17333,16125,17000
2022-03-15,16833,16900,17333,16125,17333
2022-03-16,16667,16900,17444,16167,17333
2022-03-17,17500,17778,18222,16417,17667
2022-03-18,17500,17111,18556,16500,19000
2022-03-19,17167,17444,18778,16792,19000
2022-03-20,17333,17444,18778,16333,19000
2022-03-21,17667,18111,19444,17083,19429
2022-03-22,18000,18333,19556,18333,18429
2022-03-23,19333,18778,19667,18625,18429
2022-03-24,19167,18778,19889,19250,18500
2022-03-25,18167,18778,19889,19333,18500
2022-03-26,17833,18778,19889,19292,18667
2022-03-27,18000,18889,20111,19375,18667
2022-03-28,18000,19111,20111,19250,18833
2022-03-29,18500,19333,20111,19208,19000
2022-03-30,18833,19333,20444,19333,19000
2022-03-31,18833,19444,20444,19500,19000
2022-04-01,19250,18833,21333,19636,18250
2022-04-02,19250,18833,21333,19727,18250
2022-04-03,19250,18833,21333,19909,18250
2022-04-04,19250,18833,21333,19818,18250
2022-04-05,19250,18833,21167,19818,17750
2022-04-06,19000,18833,21167,20091,18250
2022-04-07,18250,19333,21000,19700,19167
2022-04-08,18250,19167,21000,19500,19167
2022-04-09,18250,18667,21000,19500,19167
2022-04-10,18000,18667,21000,19500,19167
2022-04-11,19250,18667,21143,20100,19167
2022-04-12,19800,18667,21143,19455,19167
2022-04-13,19400,19000,21143,19455,19167
2022-04-14,19000,19333,21143,19455,19167
2022-04-15,19000,19000,21429,19909,19167
2022-04-16,19000,19000,21571,20000,19167
2022-04-17,19200,19000,21571,20091,19167
2022-04-18,19100,19000,21286,20091,19167
2022-04-19,19200,19000,20571,20091,19167
2022-04-20,18200,19167,20571,19727,19167
2022-04-21,17800,18667,20571,19909,19167
2022-04-22,17600,18667,20571,19364,19167
2022-04-23,17600,18667,20571,19273,19167
2022-04-24,17600,18667,20333,19273,19167
2022-04-25,17600,18833,21000,19000,19167
2022-04-26,17600,18833,21000,19083,18500
2022-04-27,17800,18833,21000,19250,18500
2022-04-28,17800,18833,21000,19250,18500
2022-04-29,18000,19167,21143,19417,18500
2022-04-30,18200,19167,20857,19250,18667
2022-05-01,18400,19333,21143,19182,18667
2022-05-02,18400,19333,21143,19182,18667
2022-05-03,18400,19333,21143,19182,18667
2022-05-04,18400,19167,21143,19273,18667
2022-05-05,18400,19167,21143,19182,18667
2022-05-06,18800,18833,21714,19273,18833
2022-05-07,18800,18833,22286,19455,18833
2022-05-08,18700,18833,22286,19364,18667
2022-05-09,18800,18833,22000,19727,18500
2022-05-10,18500,18833,22000,19727,18500
2022-05-11,18500,18833,22000,19273,18667
2022-05-12,18900,19000,22000,19333,18667
2022-05-13,19000,18667,21000,19333,18667
2022-05-14,19000,18667,21000,19333,18667
2022-05-15,19000,18333,21000,19167,18667
2022-05-16,19000,18333,21000,19083,18000
2022-05-17,19000,18333,21000,19167,18833
2022-05-18,19000,18417,21000,19083,18500
2022-05-19,19000,18417,21000,18833,18000
2022-05-20,19000,18417,20333,18833,18667
2022-05-21,18750,18286,20714,18917,17167
2022-05-22,18750,18286,20714,18917,18000
2022-05-23,18750,17786,20286,18583,18333
2022-05-24,18583,18286,20286,18417,18667
2022-05-25,18500,18071,19571,18333,18333
2022-05-26,18571,18143,19375,18167,18833
2022-05-27,18357,17929,18313,17917,18250
2022-05-28,18000,17929,17643,17583,17917
2022-05-29,17429,18143,17786,17583,17833
2022-05-30,17429,17571,16929,17458,17833
2022-05-31,17071,17500,16714,16875,17833
2022-06-01,17429,17500,16286,16542,17667
2022-06-02,16786,17313,15688,16417,17167
2022-06-03,16786,17188,15563,16208,17167
2022-06-04,16786,17188,15563,16292,17000
2022-06-05,16786,17188,15563,16042,17000
2022-06-06,16286,17188,15563,16125,16750
2022-06-07,16429,17063,15375,16000,16833
2022-06-08,16429,16938,15563,15958,16833
2022-06-09,16286,16938,15563,15600,16500
2022-06-10,16286,16938,15563,15475,16417
2022-06-11,16286,16938,15188,15600,16417
2022-06-12,16286,16813,15563,15517,16417
2022-06-13,16286,16813,15500,16000,16250
2022-06-14,16143,16813,15500,16000,16167
2022-06-15,16286,16813,15438,15875,16000
2022-06-16,16000,16688,15500,15875,16000
2022-06-17,16143,16625,15500,15792,16000
2022-06-18,16143,16563,15500,15792,16000
2022-06-19,16143,16563,15500,15792,15833
2022-06-20,16143,16688,15500,15792,15667
2022-06-21,16143,16688,15500,15458,15750
2022-06-22,16143,16563,15438,15458,15500
2022-06-23,16143,16688,15438,15458,15500
2022-06-24,16000,16688,15438,15458,15167
2022-06-25,16000,16688,15438,15417,15167
2022-06-26,16000,16563,15438,15458,15500
2022-06-27,16000,16563,15438,15458,15500
2022-06-28,16000,16563,15438,15542,15333
2022-06-29,15929,16563,15438,15542,15167
2022-06-30,15929,16313,15438,15542,15167
2022-07-01,15929,16313,15438,15500,15250
2022-07-02,15929,16313,15438,15542,15083
2022-07-03,15929,16313,15438,15542,15083
2022-07-04,15929,16313,15438,15542,15250
2022-07-05,15929,16188,15438,15542,15083
2022-07-06,15857,16188,15438,15500,15083
2022-07-07,15857,15313,15250,15500,15083
2022-07-08,15857,15313,15250,15500,15083
2022-07-09,15857,16063,15188,15500,15083
2022-07-10,15857,16063,15188,15500,15083
2022-07-11,15143,16063,15188,15500,15083
2022-07-12,15071,15938,15188,15500,15083
2022-07-13,15571,15938,15188,15500,14917
2022-07-14,15857,15938,15188,15417,14750
2022-07-15,15571,15938,15063,15208,14417
2022-07-16,15571,15938,15063,15250,14417
2022-07-17,15571,15938,14938,15250,14417
2022-07-18,15571,15688,14938,15208,14417
2022-07-19,15571,15688,14750,15208,14250
2022-07-20,15571,15438,14875,15167,14417
2022-07-21,15571,15313,14875,15167,14500
2022-07-22,15429,15688,14875,15167,14500
2022-07-23,15357,15188,14875,15208,14500
2022-07-24,15357,15188,14625,15167,14500
2022-07-25,15357,15063,15000,15125,14500
2022-07-26,15429,15188,14875,15167,14500
2022-07-27,15286,15250,14875,15125,14500
2022-07-28,15286,15429,15000,14958,14500
2022-07-29,15214,15357,15000,14958,14500
2022-07-30,15214,15500,15000,14875,14500
2022-07-31,15286,15643,15000,14875,14500
2022-08-01,15000,15188,14813,14875,14500
2022-08-02,14786,14813,14813,14708,14417
2022-08-03,14786,14813,14813,14708,14417
2022-08-04,14500,14875,14813,14708,14417
2022-08-05,14500,14875,14688,14708,14417
2022-08-06,14714,15000,14688,14708,14417
2022-08-07,14714,14833,14688,14629,14417
2022-08-08,14714,14778,14688,14625,14333
2022-08-09,14429,14833,14688,14667,14333
2022-08-10,14643,14833,14438,14667,14333
2022-08-11,14429,14938,14438,14625,14167
2022-08-12,14429,14938,14438,14625,14167
2022-08-13,14429,15063,14438,14629,14167
2022-08-14,14429,14938,14438,14625,14167
2022-08-15,14429,14938,14375,14625,14167
2022-08-16,14429,14063,14375,14583,14167
2022-08-17,14429,14063,14438,14583,14167
2022-08-18,14429,14813,14438,14583,14167
2022-08-19,14429,14938,14438,14625,14167
2022-08-20,14429,14750,14313,14625,14167
2022-08-21,14429,14750,14313,14625,14167
2022-08-22,14429,14438,14250,14708,14167
2022-08-23,14286,14750,14250,14667,14167
2022-08-24,14429,14813,14250,14667,14167
2022-08-25,14429,14813,14250,14667,14167
2022-08-26,14429,14813,14250,14667,14000
2022-08-27,14429,14750,14375,14667,14000
2022-08-28,14286,14813,14313,14667,14000
2022-08-29,14286,14813,14375,14667,14000
2022-08-30,14286,14813,14375,14667,14000
2022-08-31,14286,14688,14313,14667,14000
2022-09-01,14286,14688,14313,14667,14000
2022-09-02,14286,14563,14313,14667,14000
2022-09-03,14286,14563,14313,14667,14000
2022-09-04,14286,14563,14313,14667,14000
2022-09-05,14286,14563,14313,14667,14000
2022-09-06,14286,14375,14313,14667,14000
2022-09-07,14286,14438,14313,14583,14000
2022-09-08,14286,14500,14313,14667,14000
2022-09-09,14286,14500,14313,14667,14000
2022-09-10,14286,14500,14313,14667,14000
2022-09-11,14286,14500,14313,14667,14000
2022-09-12,14286,14500,14313,14583,14000
2022-09-13,14286,14625,14313,14583,14000
2022-09-14,14286,14625,14313,14417,14000
2022-09-15,14286,14500,14313,14583,14000
2022-09-16,14286,14500,14313,14546,14000
2022-09-17,14286,14500,14313,14542,14000
2022-09-18,14286,14500,14313,14542,14000
2022-09-19,14286,14500,14188,14625,14000
2022-09-20,14286,14500,14188,14625,14000
2022-09-21,14286,14875,14188,14625,14000
2022-09-22,14286,14500,14167,14542,14000
2022-09-23,14286,14500,14167,14542,14000
2022-09-24,14286,14500,14167,14542,14000
2022-09-25,14286,14500,14167,14542,14000
2022-09-26,14286,14500,14167,14542,14000
2022-09-27,14286,14500,14167,14458,14000
2022-09-28,14286,14500,14167,14458,14000
2022-09-29,14286,14500,14167,14458,14000
2022-09-30,14286,14500,14167,14458,14000
2022-10-01,14286,14500,14167,14458,14000
2022-10-02,14286,14500,14167,14458,14000
2022-10-03,14286,14500,14167,14375,14000
2022-10-04,14286,14500,14278,14458,14000
2022-10-05,14143,14500,14278,14375,14000
2022-10-06,14286,14500,14278,14375,14000
2022-10-07,14143,14500,14278,14375,14000
2022-10-08,14143,14500,14278,14375,14000
2022-10-09,14143,14389,14167,14375,14000
2022-10-10,14143,14167,14278,14458,14000
2022-10-11,14143,14389,14056,14375,14000
2022-10-12,14143,14500,14056,14375,14000
2022-10-13,14143,14278,14167,14375,14167
2022-10-14,14143,14278,14333,14458,14167
2022-10-15,14143,14278,14222,14458,14000
2022-10-16,14143,14278,14222,14542,14000
2022-10-17,14143,14389,14444,14417,14000
2022-10-18,14143,14278,14222,14417,14167
2022-10-19,14286,14389,14333,14417,14333
2022-10-20,14286,14389,14333,14417,14333
2022-10-21,14286,14722,14333,14417,14333
2022-10-22,14286,14500,14250,14417,14333
2022-10-23,14286,14389,14125,14417,14333
2022-10-24,14286,14500,14250,14417,14333
2022-10-25,14357,14500,14313,14417,14333
2022-10-26,14286,14500,14250,14333,14333
2022-10-27,14357,14611,14250,14292,14333
2022-10-28,14429,14611,14250,14417,14333
2022-10-29,14429,14611,14250,14417,14333
2022-10-30,14429,14500,14250,14417,14333
2022-10-31,14429,14500,14250,14417,14333
2022-11-01,14429,14556,14250,14417,14333
2022-11-02,14500,14556,14250,14417,14333
2022-11-03,14500,14556,14250,14458,14333
2022-11-04,14500,14556,14375,14417,14333
2022-11-05,14500,14556,14444,14417,14333
2022-11-06,14500,14667,14444,14500,14333
2022-11-07,14500,14667,14444,14500,14333
2022-11-08,14500,14667,14444,14417,14333
2022-11-09,14500,14667,14444,14375,14333
2022-11-10,14429,14667,14444,14417,14333
2022-11-11,14500,14667,14556,14417,14333
2022-11-12,14500,14667,14444,14417,14333
2022-11-13,14500,14667,14556,14417,14333
2022-11-14,14500,14667,14556,14417,14333
2022-11-15,14500,14778,14611,14417,14333
2022-11-16,14571,14833,14611,14417,14500
2022-11-17,14571,14833,14611,14500,14667
2022-11-18,14571,14833,14611,14500,14833
2022-11-19,14643,14833,14611,14583,14667
2022-11-20,14571,14944,14611,14583,14833
2022-11-21,14643,14833,14722,14667,15000
2022-11-22,14643,15056,14833,14750,15000
2022-11-23,14500,15333,14278,14792,15000
2022-11-24,14643,15333,14813,14792,15167
2022-11-25,14643,15333,14813,14875,15167
2022-11-26,14643,15444,14813,14875,15167
2022-11-27,14786,15000,14688,14875,15250
2022-11-28,14786,15444,14750,14792,15250
2022-11-29,14786,15444,14750,14792,15250
2022-11-30,14786,15556,14875,14875,15250
2022-12-01,14786,15444,14875,14875,15250
2022-12-02,14786,15444,14875,15042,15250
2022-12-03,14857,15444,14875,15042,15250
2022-12-04,14857,15444,15000,15042,15250
2022-12-05,15000,15444,15000,15042,15083
2022-12-06,15143,15444,15125,15042,15000
2022-12-07,15143,15500,15125,15042,15000
2022-12-08,15143,15556,15250,15125,15000
2022-12-09,15143,15556,15125,15208,15000
2022-12-10,15071,15444,15125,15208,15000
2022-12-11,15143,15444,15125,15333,15250
2022-12-12,15143,15778,14500,15333,15250
2022-12-13,15143,15667,15125,15417,15250
2022-12-14,15143,15667,15125,15500,15167
2022-12-15,15143,15556,15286,15500,15167
2022-12-16,15071,15556,15286,15458,15000
2022-12-17,15071,15667,15286,15500,15167
2022-12-18,14929,15667,15286,15500,15167
2022-12-19,15214,15667,15500,15333,15000
2022-12-20,15286,15667,15357,15333,15333
2022-12-21,15286,15667,15357,15333,15167
2022-12-22,15286,15667,15357,15333,15167
2022-12-23,15286,15556,15357,15333,15250
2022-12-24,15286,15667,15357,15292,15167
2022-12-25,15286,15556,15357,15167,15167
2022-12-26,15286,15667,15286,15250,15333
2022-12-27,15714,15444,15429,15250,15333
2022-12-28,15714,15556,15286,15333,15333
2022-12-29,15571,15556,15286,15417,15333
2022-12-30,15571,15778,15286,15417,15167
2022-12-31,15714,15778,15286,15417,15167
2023-01-01,15714,15667,15286,15417,15333
2023-01-02,15714,15444,15357,15333,15333
2023-01-03,15714,15667,15429,15500,15333
2023-01-04,15500,15778,15429,15417,15333
2023-01-05,15500,15778,15500,15500,15333
2023-01-06,15000,15778,15500,15583,15333
2023-01-07,15000,15778,15571,15417,15333
2023-01-08,15357,15778,15286,15417,15333
2023-01-09,15357,15778,15429,15458,15333
2023-01-10,15357,15667,15429,15208,15333
2023-01-11,15357,15667,15429,15458,15333
2023-01-12,15357,15667,15286,15458,15333
2023-01-13,15357,15667,15429,15458,15333
2023-01-14,15357,15778,15429,15458,15333
2023-01-15,15357,15778,15429,15500,15167
2023-01-16,15357,15778,15429,15458,15167
2023-01-17,15357,15778,15429,15542,15167
2023-01-18,15357,15778,15286,15458,15167
2023-01-19,15357,15778,15571,15500,15167
2023-01-20,15357,15778,15571,15500,15167
2023-01-21,15357,15778,15571,15500,15167
2023-01-22,15357,15778,15571,15500,15000
2023-01-23,15357,15778,15571,15500,14750
2023-01-24,15357,15889,15357,15333,15167
2023-01-25,15357,15778,15500,15500,15167
2023-01-26,15357,15889,15357,15500,15167
2023-01-27,15500,15889,15500,15500,14667
2023-01-28,15357,15889,15500,15500,15167
2023-01-29,15643,15889,15929,15500,15167
2023-01-30,15357,15889,15929,15250,15167
2023-01-31,15643,16000,15929,15625,15000
2023-02-01,15643,16000,15929,15750,15167
2023-02-02,15643,15778,15929,15917,15667
2023-02-03,15714,15778,15786,15917,15583
2023-02-04,15643,16056,15786,16000,15667
2023-02-05,15643,16056,15643,16083,15667
2023-02-06,15643,16056,15643,16083,15667
2023-02-07,15714,16222,15643,16000,15833
2023-02-08,15714,16000,15643,16083,16000
2023-02-09,15714,16000,15750,16000,15667
2023-02-10,15714,16000,15813,16125,15667
2023-02-11,15714,16111,15875,16125,15667
2023-02-12,15857,16000,15938,16042,15667
2023-02-13,15857,16000,15750,16042,15500
2023-02-14,15857,15889,16188,16042,15667
2023-02-15,15857,15889,16188,16042,15833
2023-02-16,15857,15889,16250,16042,16000
2023-02-17,15857,15889,16125,16125,16000
2023-02-18,15857,16000,16188,16042,16167
2023-02-19,16000,16056,16250,16042,16167
2023-02-20,15857,15889,16125,16042,16333
2023-02-21,15714,16000,16125,16042,16167
2023-02-22,15714,15778,16125,16125,16167
2023-02-23,15643,15778,16125,16125,16167
2023-02-24,15643,15667,16125,16125,16167
2023-02-25,15643,16000,16125,15792,16333
2023-02-26,15643,15889,16125,15875,16167
2023-02-27,15643,15889,16000,15792,16167
2023-02-28,15643,16000,16125,15875,16000
2023-03-01,15643,15944,16188,15958,16167
2023-03-02,15643,16056,16063,15875,16167
2023-03-03,15714,16056,16063,15875,16167
2023-03-04,15643,15778,16000,15875,16333
2023-03-05,15500,15778,16000,15875,16333
2023-03-06,15429,15667,16000,15875,16000
2023-03-07,15357,15778,15938,15875,15333
2023-03-08,15357,15556,15938,15875,15667
2023-03-09,15500,15556,15938,15875,15667
2023-03-10,15429,15556,15938,15708,15667
2023-03-11,15286,15556,15938,15708,15667
2023-03-12,15357,15556,15938,15708,15667
2023-03-13,15357,15556,15938,15625,16000
2023-03-14,15357,15556,15938,15708,16000
2023-03-15,15429,15667,15938,15708,16000
2023-03-16,15714,15778,15938,15708,15667
2023-03-17,15714,15778,15938,15708,16000
2023-03-18,15714,15778,15813,15708,16000
2023-03-19,15643,15778,15938,15708,16000
2023-03-20,15714,15778,15938,15708,16000
2023-03-21,15714,15667,15938,15792,16000
2023-03-22,15714,15667,15938,15792,16000
2023-03-23,15714,15556,15938,15792,16000
2023-03-24,15714,15889,15938,15792,16000
2023-03-25,15857,15778,15938,15792,16167
2023-03-26,15786,15750,15938,15792,16167
2023-03-27,15786,15778,15563,15850,16167
2023-03-28,15786,15778,15938,15773,15800
2023-03-29,15750,16000,15929,15773,15833
2023-03-30,15786,15750,15813,15773,15600
2023-03-31,15786,15778,15938,15667,15833
2023-04-01,15786,15778,15938,15778,15833
2023-04-02,15786,15500,15938,15833,15833
2023-04-03,15750,15778,15938,15708,15833
2023-04-04,15786,15778,15938,15792,15750
2023-04-05,15786,15667,15938,15909,15833
2023-04-06,15786,15889,15938,15864,15833
2023-04-07,15786,15750,16071,15833,15833
2023-04-08,15786,15778,16071,15550,15833
2023-04-09,15786,15778,16071,15850,15800
2023-04-10,15750,15778,15938,15955,15800
2023-04-11,15750,15875,15813,15955,15667
2023-04-12,15786,15889,15786,15950,15667
2023-04-13,15786,15778,15813,15864,15667
2023-04-14,15750,16000,15786,15864,15667
2023-04-15,15750,15889,15929,15955,15667
2023-04-16,15786,15889,15929,15864,15833
2023-04-17,15857,15889,15813,15875,15800
2023-04-18,15750,15889,15813,16050,15833
2023-04-19,15917,15778,15857,15955,15667
2023-04-20,15786,15889,15833,15955,15750
2023-04-21,15750,16000,15857,15955,15833
2023-04-22,15833,16000,16000,15000,16000
2023-04-23,14500,15857,16000,16000,16000
2023-04-24,15786,15857,16000,15900,15750
2023-04-25,15786,15778,15917,15750,15600
2023-04-26,15786,15786,15750,15875,15667
2023-04-27,15833,15857,15714,15833,15800
2023-04-28,15786,15833,15750,15800,15800
2023-04-29,15786,15889,16000,15909,15667
2023-04-30,15643,15833,16000,15955,15667
2023-05-01,15786,15889,16083,15850,15667
2023-05-02,15786,16125,15875,15833,15667
2023-05-03,15833,15875,15929,15900,15600
2023-05-04,15786,15625,15938,15833,15800
2023-05-05,15786,15889,15938,15850,15167
2023-05-06,15786,15889,16071,15650,15667
2023-05-07,15786,15889,16071,15833,15667
2023-05-08,15786,15889,15875,15833,15667
2023-05-09,15750,15889,15857,15833,15667
2023-05-10,15750,15778,15929,15833,15800
2023-05-11,15643,15778,15938,15917,15667
2023-05-12,15643,15778,15938,15917,15200
2023-05-13,15643,15889,16083,15909,15667
2023-05-14,15643,15889,16071,15650,15667
2023-05-15,15583,16000,15938,15909,15667
2023-05-16,15750,15889,15938,15917,15750
2023-05-17,15786,15778,16063,15909,15667
2023-05-18,15833,15889,16167,16056,15667
2023-05-19,15786,15750,16063,15909,15750
2023-05-20,15833,15889,16214,15917,15667
2023-05-21,15833,15889,16214,15909,15667
2023-05-22,15600,15889,15875,15958,15667
2023-05-23,15667,16000,15875,15950,15667
2023-05-24,15667,15889,15813,15958,15800
2023-05-25,15667,15889,15938,15958,15600
2023-05-26,15667,15875,15938,15958,15750
2023-05-27,15667,15857,16000,15950,15800
2023-05-28,15714,15778,16000,15950,15667
2023-05-29,15500,15889,15857,15875,15667
2023-05-30,15714,15889,16071,15682,15667
2023-05-31,15714,15875,15875,15850,13417
2023-06-01,15667,15889,16000,15864,15667
2023-06-02,15714,15875,16000,15682,15600
2023-06-03,15857,15875,16000,15682,15667
2023-06-04,15583,15778,16071,15500,15667
2023-06-05,15786,15875,15938,15708,15800
2023-06-06,15833,16000,15813,15708,15667
2023-06-07,15750,15889,15750,15708,15667
2023-06-08,15750,15875,15500,15708,15667
2023-06-09,15786,15889,15563,17136,15667
2023-06-10,15786,16000,15929,15682,15667
2023-06-11,15786,15889,15563,15950,15667
2023-06-12,15800,15889,15563,15875,15167
2023-06-13,15833,16000,15563,15959,15667
2023-06-14,15786,16000,15563,15875,15667
2023-06-15,15786,16000,15563,15773,15667
2023-06-16,15786,15889,15563,15868,15750
2023-06-17,15786,15889,15563,15850,15667
2023-06-18,15786,15889,15438,15792,15500
2023-06-19,15786,15750,15563,15792,15600
2023-06-20,15786,15778,15563,15864,15600
2023-06-21,15600,19357,15563,15708,15750
2023-06-22,15500,15813,15563,15708,15600
2023-06-23,15786,15889,14938,15792,15750
2023-06-24,15750,15889,15563,15773,15500
2023-06-25,15857,16000,15500,15682,15600
2023-06-26,15750,15857,15938,15875,16000
2023-06-27,16000,15889,15786,15750,15750
2023-06-28,15857,15889,15938,15875,15667
2023-06-29,15833,15875,15875,15583,16000
2023-06-30,15857,15889,15813,15773,15750
2023-07-01,15857,15889,15875,15864,15750
2023-07-02,15857,15889,15938,15850,15600
2023-07-03,15857,16000,15938,15750,15600
2023-07-04,15857,16000,15938,15750,15600
2023-07-05,15833,15875,15938,15708,15667
2023-07-06,15833,16000,15688,15650,15800
2023-07-07,15857,15875,15813,15650,15600
2023-07-08,15857,15889,15813,15688,15667
2023-07-09,15857,15889,15813,15955,15667
2023-07-10,15833,15889,15813,15850,15800
2023-07-11,15786,15889,15813,15875,15667
2023-07-12,15786,15875,15813,15455,15667
2023-07-13,15786,15889,15813,15875,15600
2023-07-14,15917,15750,15813,15955,15750
2023-07-15,15786,15778,15813,15864,15667
2023-07-16,15786,16000,15813,15773,15667
2023-07-17,15750,15778,15786,15875,15667
2023-07-18,15750,15889,15786,15955,15583
2023-07-19,15643,15889,15786,15850,15583
2023-07-20,15643,15778,15786,15958,15583
2023-07-21,15643,15778,15750,15864,15667
2023-07-22,15643,16000,15786,15750,15583
2023-07-23,15643,15778,15786,15773,15700
2023-07-24,15583,15889,15929,15875,15417
2023-07-25,15643,16000,15929,15773,15800
2023-07-26,15583,15889,15929,15792,15583
2023-07-27,15583,15889,15786,15773,15583
2023-07-28,15643,16000,15786,15773,15583
2023-07-29,15643,15778,15786,15850,15800
2023-07-30,15583,16000,15786,15833,15667
2023-07-31,15643,15889,15786,15750,15667
2023-08-01,15643,15750,15786,15792,15667
2023-08-02,15600,15889,15786,15792,15800
2023-08-03,15714,15889,15786,15773,21500
2023-08-04,15667,16000,15786,17227,15800
2023-08-05,15714,15875,15786,15773,15667
2023-08-06,15667,15889,15786,15750,15667
2023-08-07,15714,16000,15786,15750,15750
2023-08-08,15714,15889,15786,15792,15667
2023-08-09,15571,15889,15786,15792,15667
2023-08-10,15571,15889,15786,15864,15667
2023-08-11,15429,15889,15786,15750,15600
2023-08-12,15571,15889,15786,15850,15600
2023-08-13,15500,15857,15786,15773,15333
2023-08-14,15500,15889,15786,15727,15600
2023-08-15,15429,16000,15750,15773,15750
2023-08-16,15429,16063,15786,15773,15600
2023-08-17,15333,15875,15786,15722,15500
2023-08-18,15429,15889,15786,15750,15500
2023-08-19,15500,15889,15786,15773,15600
2023-08-20,15500,15875,15786,15773,15750
2023-08-21,15500,15889,15786,15864,15600
2023-08-22,15571,15889,15786,15864,15800
2023-08-23,15500,15875,15750,15864,15800
2023-08-24,15571,15889,15786,15292,22000
2023-08-25,15429,15889,15786,15773,15800
2023-08-26,15667,15889,15786,15773,15800
2023-08-27,15500,15875,15786,15750,15800
2023-08-28,15571,15889,15786,15773,15800
2023-08-29,15500,15889,15786,15792,15800
2023-08-30,15571,15750,15750,15750,15800
2023-08-31,15571,15000,15786,15773,15800
2023-09-01,15571,15611,15583,15750,16000
2023-09-02,15643,15688,15643,15773,15200
2023-09-03,15643,15722,15643,15773,15800
2023-09-04,15600,15875,15643,15773,15800
2023-09-05,15643,15722,15643,15500,15667
2023-09-06,15667,15875,15643,15688,15800
2023-09-07,15643,15722,15750,15864,15800
2023-09-08,15643,15688,15786,15864,16000
2023-09-09,15500,15889,15786,15864,15667
2023-09-10,15643,16000,15786,15864,15667
2023-09-11,15429,16000,15786,15750,15750
2023-09-12,15500,15875,15786,15864,15800
2023-09-13,15333,15889,15786,15875,15800
2023-09-14,15429,15875,15786,15864,15667
2023-09-15,15333,15889,15786,15944,15600
2023-09-16,15400,16000,15786,15944,15800
2023-09-17,15429,16000,15786,15833,15667
2023-09-18,15429,15778,15786,15864,15800
2023-09-19,15429,15889,15786,15875,15800
2023-09-20,15429,15875,15700,15950,15667
2023-09-21,15429,15778,15786,15850,15800
2023-09-22,15333,15889,15786,15850,15667
2023-09-23,15429,15750,15786,15944,15800
2023-09-24,15333,15889,15786,15864,15667
2023-09-25,15429,16000,15786,15864,15667
2023-09-26,15429,15875,15786,15850,15667
2023-09-27,15500,15889,16250,15875,15800
2023-09-28,15333,15875,15786,14410,15667
2023-09-29,15500,15889,15786,15850,15667
2023-09-30,15429,15625,15917,15833,16000
2023-10-01,15429,15875,15917,15850,15400
2023-10-02,15333,15875,16000,15955,15800
2023-10-03,15429,15889,15786,15864,15667
2023-10-04,15429,15889,15786,15875,15800
2023-10-05,15429,15889,15786,15864,15800
2023-10-06,15429,15889,15786,15850,15750
2023-10-07,15333,15889,15917,15864,15667
2023-10-08,15429,15889,15917,15944,15800
2023-10-09,15429,15889,15786,15875,15667
2023-10-10,15429,15889,15917,15875,15750
2023-10-11,15500,15889,15786,15875,15600
2023-10-12,15500,15857,15750,15955,15500
2023-10-13,15429,15889,15917,15750,16000
2023-10-14,15571,15889,15917,15833,15500
2023-10-15,15500,15889,15917,15864,15600
2023-10-16,15571,15875,21071,15864,15500
2023-10-17,15571,15889,15917,15850,15500
2023-10-18,15500,15875,15786,15773,15600
2023-10-19,15667,16000,15750,15773,15600
2023-10-20,15571,15889,15917,15833,16000
2023-10-21,15571,15778,15917,15833,15500
2023-10-22,15417,15889,15917,15750,15600
2023-10-23,15573,15889,15786,15750,15800
2023-10-24,15571,15875,15813,15750,15800
2023-10-25,15571,16000,15688,15750,15600
2023-10-26,15571,15875,15688,15722,15800
2023-10-27,15571,15875,15786,15833,16000
2023-10-28,13267,15875,15786,15833,15667
2023-10-29,15714,16056,15688,15750,15800
2023-10-30,15571,15938,15643,15850,15800
2023-10-31,15571,15938,15500,15750,15667
2023-11-01,15667,15944,15688,15833,15667
2023-11-02,15571,16056,15563,15773,15800
2023-11-03,15571,15944,15563,15773,15800
2023-11-04,15571,15938,15786,15773,16200
2023-11-05,15600,17250,15786,15750,15833
2023-11-06,15500,15944,15813,15773,15600
2023-11-07,15571,15938,15786,15722,15500
2023-11-08,15571,15944,15875,15750,15600
2023-11-09,15571,16000,15750,15650,15600
2023-11-10,15667,15944,15688,15611,15600
2023-11-11,15571,15938,15786,15722,15500
2023-11-12,15571,16056,15571,15650,15800
2023-11-13,15571,16056,15917,15682,15600
2023-11-14,15500,15944,16000,15682,15600
2023-11-15,15571,16056,15786,15650,15600
2023-11-16,15571,16063,15750,15850,15250
2023-11-17,15571,15938,15786,15750,15500
2023-11-18,15571,15833,15786,15750,15500
2023-11-19,15571,15944,15786,15750,15400
2023-11-20,15571,15944,15786,15750,15500
2023-11-21,15571,15889,15786,15773,15500
2023-11-22,15667,15833,15786,15773,15750
2023-11-23,15571,15833,15786,15850,15400
2023-11-24,15500,15778,15786,15773,15200
2023-11-25,15571,15778,15786,15750,15600
2023-11-26,15833,15778,15786,15833,15800
2023-11-27,15667,15778,15786,15750,15800
2023-11-28,15500,15778,15786,15750,16000
2023-11-29,15571,15889,15786,15750,15800
2023-11-30,15833,15778,15786,15773,15800
2023-12-01,15500,15778,15786,15750,15800
2023-12-02,15714,15667,15857,15850,15667
2023-12-03,15571,15667,15786,15813,16000
2023-12-04,15714,15778,15786,15850,15600
2023-12-05,15714,15778,15786,15750,15667
2023-12-06,15714,15778,15786,15773,15667
2023-12-07,15714,15889,15786,15773,15667
2023-12-08,15667,15778,13871,15833,15500
2023-12-09,15667,15875,15929,15750,15800
2023-12-10,15714,15778,15929,15750,15667
2023-12-11,15714,15778,16167,15773,15500
2023-12-12,15714,15875,15929,15850,15667
2023-12-13,15667,15875,15929,15850,15800
2023-12-14,15667,16000,15929,15850,15800
2023-12-15,15714,15778,15929,15850,15667
2023-12-16,15857,15813,15929,15850,15667
2023-12-17,15714,15778,15929,15955,15667
2023-12-18,15714,15889,15929,15850,15667
2023-12-19,15667,15944,15929,15833,15667
2023-12-20,15714,15944,15929,15955,15800
,15667,15944,15929,15850,15800
,15667,,16000,15850,15500
